length,special_chars,entropy,has_curl,has_wget,has_nc,has_powershell,has_base64,label
6,1,2.2516291673878226,0,0,0,0,0,0
13,1,3.334679141051595,0,0,0,0,0,0
6,1,2.2516291673878226,0,0,0,0,0,0
3,0,1.584962500721156,0,0,0,0,0,0
3,0,1.584962500721156,0,0,0,0,0,0
10,0,2.5219280948873624,0,0,0,0,0,0
6,0,2.584962500721156,0,0,0,0,0,0
3,0,1.584962500721156,0,0,0,0,0,0
5,1,2.321928094887362,0,0,0,0,0,0
10,0,3.121928094887362,0,0,0,0,0,0
13,1,3.334679141051595,0,0,0,0,0,0
10,0,2.5219280948873624,0,0,0,0,0,0
13,1,3.3927474104487847,0,0,0,0,0,0
3,0,1.584962500721156,0,0,0,0,0,0
11,2,2.845350936622437,0,0,0,0,0,0
3,0,1.584962500721156,0,0,0,0,0,0
3,0,1.584962500721156,0,0,0,0,0,0
10,0,3.121928094887362,0,0,0,0,0,0
11,1,2.8453509366224368,0,0,0,0,0,0
5,1,2.321928094887362,0,0,0,0,0,0
11,1,2.8453509366224368,0,0,0,0,0,0
3,0,1.584962500721156,0,0,0,0,0,0
13,1,3.3927474104487847,0,0,0,0,0,0
6,0,2.584962500721156,0,0,0,0,0,0
6,1,2.2516291673878226,0,0,0,0,0,0
10,0,2.5219280948873624,0,0,0,0,0,0
6,0,2.584962500721156,0,0,0,0,0,0
6,0,2.584962500721156,0,0,0,0,0,0
11,2,2.8453509366224368,0,0,0,0,0,0
3,0,1.584962500721156,0,0,0,0,0,0
11,2,2.8453509366224368,0,0,0,0,0,0
6,0,2.584962500721156,0,0,0,0,0,0
13,1,3.334679141051595,0,0,0,0,0,0
12,1,3.2516291673878226,0,0,0,0,0,0
12,1,3.188721875540867,0,0,0,0,0,0
6,0,2.584962500721156,0,0,0,0,0,0
12,1,3.251629167387823,0,0,0,0,0,0
6,0,2.584962500721156,0,0,0,0,0,0
6,0,2.584962500721156,0,0,0,0,0,0
10,0,2.5219280948873624,0,0,0,0,0,0
11,1,2.8453509366224368,0,0,0,0,0,0
12,1,3.188721875540867,0,0,0,0,0,0
10,0,3.121928094887362,0,0,0,0,0,0
13,1,3.334679141051595,0,0,0,0,0,0
10,0,2.5219280948873624,0,0,0,0,0,0
12,1,3.2516291673878226,0,0,0,0,0,0
12,1,3.2516291673878226,0,0,0,0,0,0
12,1,3.2516291673878226,0,0,0,0,0,0
12,1,3.2516291673878226,0,0,0,0,0,0
12,1,3.188721875540867,0,0,0,0,0,0
13,1,3.392747410448785,0,0,0,0,0,0
3,0,1.584962500721156,0,0,0,0,0,0
6,0,2.584962500721156,0,0,0,0,0,0
12,1,3.188721875540867,0,0,0,0,0,0
11,1,2.8453509366224368,0,0,0,0,0,0
10,0,3.1219280948873624,0,0,0,0,0,0
5,1,2.321928094887362,0,0,0,0,0,0
5,1,2.321928094887362,0,0,0,0,0,0
3,0,1.584962500721156,0,0,0,0,0,0
5,1,2.321928094887362,0,0,0,0,0,0
6,1,2.2516291673878226,0,0,0,0,0,0
12,1,3.188721875540867,0,0,0,0,0,0
13,1,3.3927474104487847,0,0,0,0,0,0
10,0,2.5219280948873624,0,0,0,0,0,0
10,0,2.5219280948873624,0,0,0,0,0,0
10,0,2.5219280948873624,0,0,0,0,0,0
3,0,1.584962500721156,0,0,0,0,0,0
12,1,3.251629167387823,0,0,0,0,0,0
3,0,1.584962500721156,0,0,0,0,0,0
13,1,3.3927474104487847,0,0,0,0,0,0
3,0,1.584962500721156,0,0,0,0,0,0
10,0,2.5219280948873624,0,0,0,0,0,0
11,2,2.8453509366224368,0,0,0,0,0,0
11,1,2.8453509366224368,0,0,0,0,0,0
10,0,2.5219280948873624,0,0,0,0,0,0
12,1,3.188721875540867,0,0,0,0,0,0
12,1,3.188721875540867,0,0,0,0,0,0
12,1,3.188721875540867,0,0,0,0,0,0
13,1,3.3927474104487847,0,0,0,0,0,0
6,0,2.584962500721156,0,0,0,0,0,0
11,2,2.8453509366224368,0,0,0,0,0,0
11,2,2.845350936622437,0,0,0,0,0,0
10,0,2.5219280948873624,0,0,0,0,0,0
12,1,3.188721875540867,0,0,0,0,0,0
11,2,2.8453509366224368,0,0,0,0,0,0
12,1,3.2516291673878226,0,0,0,0,0,0
11,1,2.845350936622437,0,0,0,0,0,0
6,1,2.251629167387823,0,0,0,0,0,0
13,1,3.3927474104487847,0,0,0,0,0,0
13,1,3.334679141051595,0,0,0,0,0,0
10,0,3.1219280948873624,0,0,0,0,0,0
3,0,1.584962500721156,0,0,0,0,0,0
10,0,2.5219280948873624,0,0,0,0,0,0
12,1,3.188721875540867,0,0,0,0,0,0
11,1,2.845350936622437,0,0,0,0,0,0
3,0,1.584962500721156,0,0,0,0,0,0
13,1,3.334679141051595,0,0,0,0,0,0
13,1,3.334679141051595,0,0,0,0,0,0
13,1,3.3927474104487847,0,0,0,0,0,0
10,0,3.1219280948873624,0,0,0,0,0,0
12,1,3.188721875540867,0,0,0,0,0,0
11,2,2.8453509366224368,0,0,0,0,0,0
10,0,2.5219280948873624,0,0,0,0,0,0
10,0,2.521928094887362,0,0,0,0,0,0
11,2,2.8453509366224368,0,0,0,0,0,0
3,0,1.584962500721156,0,0,0,0,0,0
3,0,1.584962500721156,0,0,0,0,0,0
12,1,3.251629167387823,0,0,0,0,0,0
3,0,1.584962500721156,0,0,0,0,0,0
11,1,2.8453509366224368,0,0,0,0,0,0
12,1,3.188721875540867,0,0,0,0,0,0
3,0,1.584962500721156,0,0,0,0,0,0
10,0,3.121928094887362,0,0,0,0,0,0
13,1,3.3927474104487847,0,0,0,0,0,0
11,1,2.8453509366224368,0,0,0,0,0,0
6,1,2.2516291673878226,0,0,0,0,0,0
10,0,2.5219280948873624,0,0,0,0,0,0
6,0,2.584962500721156,0,0,0,0,0,0
12,1,3.2516291673878226,0,0,0,0,0,0
10,0,3.121928094887362,0,0,0,0,0,0
13,1,3.334679141051595,0,0,0,0,0,0
11,1,2.8453509366224368,0,0,0,0,0,0
11,1,2.845350936622437,0,0,0,0,0,0
13,1,3.3927474104487847,0,0,0,0,0,0
10,0,3.121928094887362,0,0,0,0,0,0
12,1,3.2516291673878226,0,0,0,0,0,0
10,0,3.121928094887362,0,0,0,0,0,0
12,1,3.251629167387823,0,0,0,0,0,0
11,2,2.8453509366224368,0,0,0,0,0,0
13,1,3.3927474104487847,0,0,0,0,0,0
13,1,3.334679141051595,0,0,0,0,0,0
10,0,3.121928094887362,0,0,0,0,0,0
6,0,2.584962500721156,0,0,0,0,0,0
6,1,2.2516291673878226,0,0,0,0,0,0
3,0,1.584962500721156,0,0,0,0,0,0
12,1,3.2516291673878226,0,0,0,0,0,0
10,0,2.5219280948873624,0,0,0,0,0,0
12,1,3.2516291673878226,0,0,0,0,0,0
3,0,1.584962500721156,0,0,0,0,0,0
3,0,1.584962500721156,0,0,0,0,0,0
10,0,2.521928094887362,0,0,0,0,0,0
12,1,3.188721875540867,0,0,0,0,0,0
12,1,3.2516291673878226,0,0,0,0,0,0
10,0,3.121928094887362,0,0,0,0,0,0
13,1,3.334679141051595,0,0,0,0,0,0
3,0,1.584962500721156,0,0,0,0,0,0
6,0,2.584962500721156,0,0,0,0,0,0
5,1,2.321928094887362,0,0,0,0,0,0
3,0,1.584962500721156,0,0,0,0,0,0
13,1,3.334679141051595,0,0,0,0,0,0
11,2,2.845350936622437,0,0,0,0,0,0
13,1,3.3927474104487847,0,0,0,0,0,0
13,1,3.392747410448785,0,0,0,0,0,0
6,0,2.584962500721156,0,0,0,0,0,0
11,1,2.8453509366224368,0,0,0,0,0,0
11,2,2.8453509366224368,0,0,0,0,0,0
6,0,2.584962500721156,0,0,0,0,0,0
3,0,1.584962500721156,0,0,0,0,0,0
11,1,2.8453509366224368,0,0,0,0,0,0
5,1,2.321928094887362,0,0,0,0,0,0
6,1,2.2516291673878226,0,0,0,0,0,0
6,0,2.584962500721156,0,0,0,0,0,0
11,1,2.845350936622437,0,0,0,0,0,0
10,0,3.121928094887362,0,0,0,0,0,0
13,1,3.3927474104487847,0,0,0,0,0,0
5,1,2.321928094887362,0,0,0,0,0,0
11,2,2.845350936622437,0,0,0,0,0,0
6,0,2.584962500721156,0,0,0,0,0,0
11,2,2.8453509366224368,0,0,0,0,0,0
12,1,3.188721875540867,0,0,0,0,0,0
13,1,3.334679141051595,0,0,0,0,0,0
11,2,2.8453509366224368,0,0,0,0,0,0
6,1,2.2516291673878226,0,0,0,0,0,0
13,1,3.3927474104487847,0,0,0,0,0,0
12,1,3.188721875540867,0,0,0,0,0,0
6,0,2.584962500721156,0,0,0,0,0,0
13,1,3.334679141051595,0,0,0,0,0,0
6,0,2.584962500721156,0,0,0,0,0,0
3,0,1.584962500721156,0,0,0,0,0,0
3,0,1.584962500721156,0,0,0,0,0,0
11,1,2.8453509366224368,0,0,0,0,0,0
12,1,3.188721875540867,0,0,0,0,0,0
3,0,1.584962500721156,0,0,0,0,0,0
10,0,2.5219280948873624,0,0,0,0,0,0
12,1,3.2516291673878226,0,0,0,0,0,0
6,1,2.2516291673878226,0,0,0,0,0,0
13,1,3.3927474104487847,0,0,0,0,0,0
6,0,2.584962500721156,0,0,0,0,0,0
3,0,1.584962500721156,0,0,0,0,0,0
6,1,2.2516291673878226,0,0,0,0,0,0
13,1,3.334679141051595,0,0,0,0,0,0
10,0,2.5219280948873624,0,0,0,0,0,0
10,0,3.1219280948873624,0,0,0,0,0,0
11,1,2.8453509366224368,0,0,0,0,0,0
10,0,3.121928094887362,0,0,0,0,0,0
10,0,2.5219280948873624,0,0,0,0,0,0
13,1,3.3927474104487847,0,0,0,0,0,0
5,1,2.321928094887362,0,0,0,0,0,0
6,0,2.584962500721156,0,0,0,0,0,0
6,0,2.584962500721156,0,0,0,0,0,0
34,7,3.962031591059445,1,0,0,0,0,1
34,7,3.962031591059445,1,0,0,0,0,1
56,10,4.16604415423198,1,0,0,0,1,1
34,7,3.9620315910594455,1,0,0,0,0,1
56,10,4.166044154231981,1,0,0,0,1,1
34,7,3.962031591059445,1,0,0,0,0,1
34,7,3.9620315910594455,1,0,0,0,0,1
56,10,4.16604415423198,1,0,0,0,1,1
34,7,3.962031591059445,1,0,0,0,0,1
23,1,3.7622673906514947,0,0,1,1,1,1
45,4,3.9499846966573604,0,0,1,1,1,1
45,4,3.949984696657361,0,0,1,1,1,1
23,1,3.7622673906514943,0,0,1,1,1,1
23,1,3.7622673906514947,0,0,1,1,1,1
23,1,3.7622673906514947,0,0,1,1,1,1
23,1,3.762267390651495,0,0,1,1,1,1
23,1,3.7622673906514947,0,0,1,1,1,1
25,3,3.863465189601646,0,0,1,0,1,1
34,7,3.962031591059445,1,0,0,0,0,1
34,7,3.962031591059445,1,0,0,0,0,1
34,7,3.9620315910594455,1,0,0,0,0,1
37,12,4.172574231126241,0,0,0,0,0,1
59,15,4.293683626279562,0,0,0,0,1,1
59,15,4.293683626279562,0,0,0,0,1,1
34,7,3.962031591059445,1,0,0,0,0,1
34,7,3.9620315910594455,1,0,0,0,0,1
34,7,3.962031591059445,1,0,0,0,0,1
23,1,3.7622673906514947,0,0,1,1,1,1
23,1,3.7622673906514943,0,0,1,1,1,1
23,1,3.7622673906514947,0,0,1,1,1,1
37,12,4.172574231126241,0,0,0,0,0,1
37,12,4.172574231126241,0,0,0,0,0,1
59,15,4.293683626279562,0,0,0,0,1,1
37,12,4.17257423112624,0,0,0,0,0,1
59,15,4.293683626279562,0,0,0,0,1,1
37,12,4.17257423112624,0,0,0,0,0,1
40,9,4.296439344671015,0,1,0,0,0,1
40,9,4.296439344671015,0,1,0,0,0,1
62,12,4.299303424352556,0,1,0,0,1,1
34,7,3.962031591059445,1,0,0,0,0,1
56,10,4.16604415423198,1,0,0,0,1,1
34,7,3.9620315910594455,1,0,0,0,0,1
23,1,3.7622673906514943,0,0,1,1,1,1
23,1,3.7622673906514947,0,0,1,1,1,1
45,4,3.949984696657361,0,0,1,1,1,1
34,7,3.962031591059445,1,0,0,0,0,1
34,7,3.9620315910594455,1,0,0,0,0,1
34,7,3.962031591059445,1,0,0,0,0,1
37,12,4.172574231126241,0,0,0,0,0,1
37,12,4.17257423112624,0,0,0,0,0,1
37,12,4.172574231126241,0,0,0,0,0,1
26,6,3.6094963344256965,0,0,1,0,0,1
26,6,3.6094963344256956,0,0,1,0,0,1
26,6,3.609496334425696,0,0,1,0,0,1
26,6,3.609496334425696,0,0,1,0,0,1
26,6,3.609496334425696,0,0,1,0,0,1
26,6,3.609496334425696,0,0,1,0,0,1
34,7,3.962031591059445,1,0,0,0,0,1
56,10,4.16604415423198,1,0,0,0,1,1
34,7,3.962031591059445,1,0,0,0,0,1
40,9,4.296439344671015,0,1,0,0,0,1
40,9,4.296439344671015,0,1,0,0,0,1
62,12,4.299303424352556,0,1,0,0,1,1
40,9,4.296439344671016,0,1,0,0,0,1
40,9,4.296439344671015,0,1,0,0,0,1
40,9,4.296439344671016,0,1,0,0,0,1
37,12,4.172574231126241,0,0,0,0,0,1
39,14,4.250414322026343,0,0,0,0,0,1
59,15,4.293683626279562,0,0,0,0,1,1
23,1,3.7622673906514947,0,0,1,1,1,1
23,1,3.7622673906514947,0,0,1,1,1,1
23,1,3.7622673906514947,0,0,1,1,1,1
34,7,3.962031591059445,1,0,0,0,0,1
34,7,3.962031591059445,1,0,0,0,0,1
34,7,3.9620315910594455,1,0,0,0,0,1
40,9,4.296439344671016,0,1,0,0,0,1
40,9,4.296439344671015,0,1,0,0,0,1
40,9,4.296439344671016,0,1,0,0,0,1
26,6,3.609496334425696,0,0,1,0,0,1
48,9,3.923533209849189,0,0,1,0,1,1
26,6,3.609496334425696,0,0,1,0,0,1
34,7,3.9620315910594455,1,0,0,0,0,1
34,7,3.962031591059445,1,0,0,0,0,1
34,7,3.9620315910594455,1,0,0,0,0,1
26,6,3.609496334425696,0,0,1,0,0,1
48,9,3.9235332098491886,0,0,1,0,1,1
48,9,3.923533209849189,0,0,1,0,1,1
23,1,3.7622673906514947,0,0,1,1,1,1
23,1,3.7622673906514943,0,0,1,1,1,1
23,1,3.7622673906514943,0,0,1,1,1,1
23,1,3.7622673906514947,0,0,1,1,1,1
25,3,3.863465189601646,0,0,1,0,1,1
23,1,3.7622673906514947,0,0,1,1,1,1
23,1,3.7622673906514943,0,0,1,1,1,1
45,4,3.949984696657361,0,0,1,1,1,1
23,1,3.7622673906514947,0,0,1,1,1,1
37,12,4.17257423112624,0,0,0,0,0,1
59,15,4.293683626279562,0,0,0,0,1,1
59,15,4.293683626279561,0,0,0,0,1,1
23,1,3.7622673906514947,0,0,1,1,1,1
23,1,3.7622673906514947,0,0,1,1,1,1
25,3,3.863465189601647,0,0,1,0,1,1
23,1,3.7622673906514947,0,0,1,1,1,1
25,3,3.8634651896016465,0,0,1,0,1,1
23,1,3.762267390651495,0,0,1,1,1,1
34,7,3.962031591059445,1,0,0,0,0,1
34,7,3.9620315910594455,1,0,0,0,0,1
56,10,4.166044154231981,1,0,0,0,1,1
37,12,4.17257423112624,0,0,0,0,0,1
59,15,4.293683626279562,0,0,0,0,1,1
37,12,4.17257423112624,0,0,0,0,0,1
23,1,3.7622673906514947,0,0,1,1,1,1
23,1,3.7622673906514947,0,0,1,1,1,1
45,4,3.9499846966573604,0,0,1,1,1,1
37,12,4.172574231126241,0,0,0,0,0,1
59,15,4.293683626279561,0,0,0,0,1,1
37,12,4.172574231126241,0,0,0,0,0,1
40,9,4.296439344671016,0,1,0,0,0,1
62,12,4.299303424352556,0,1,0,0,1,1
40,9,4.296439344671015,0,1,0,0,0,1
26,6,3.609496334425696,0,0,1,0,0,1
26,6,3.609496334425696,0,0,1,0,0,1
26,6,3.609496334425696,0,0,1,0,0,1
23,1,3.7622673906514947,0,0,1,1,1,1
23,1,3.7622673906514943,0,0,1,1,1,1
23,1,3.7622673906514943,0,0,1,1,1,1
40,9,4.296439344671015,0,1,0,0,0,1
40,9,4.296439344671014,0,1,0,0,0,1
40,9,4.296439344671015,0,1,0,0,0,1
40,9,4.296439344671015,0,1,0,0,0,1
40,9,4.296439344671015,0,1,0,0,0,1
40,9,4.296439344671015,0,1,0,0,0,1
34,7,3.9620315910594455,1,0,0,0,0,1
34,7,3.9620315910594455,1,0,0,0,0,1
34,7,3.962031591059445,1,0,0,0,0,1
40,9,4.296439344671016,0,1,0,0,0,1
40,9,4.296439344671016,0,1,0,0,0,1
62,12,4.299303424352556,0,1,0,0,1,1
40,9,4.296439344671015,0,1,0,0,0,1
40,9,4.296439344671015,0,1,0,0,0,1
62,12,4.299303424352556,0,1,0,0,1,1
23,1,3.7622673906514943,0,0,1,1,1,1
23,1,3.7622673906514947,0,0,1,1,1,1
25,3,3.8634651896016465,0,0,1,0,1,1
40,9,4.296439344671016,0,1,0,0,0,1
40,9,4.296439344671015,0,1,0,0,0,1
40,9,4.296439344671015,0,1,0,0,0,1
37,12,4.172574231126241,0,0,0,0,0,1
37,12,4.17257423112624,0,0,0,0,0,1
59,15,4.293683626279561,0,0,0,0,1,1
34,7,3.962031591059445,1,0,0,0,0,1
56,10,4.1660441542319795,1,0,0,0,1,1
56,10,4.16604415423198,1,0,0,0,1,1
40,9,4.296439344671016,0,1,0,0,0,1
40,9,4.296439344671016,0,1,0,0,0,1
40,9,4.296439344671015,0,1,0,0,0,1
23,1,3.7622673906514947,0,0,1,1,1,1
23,1,3.7622673906514947,0,0,1,1,1,1
45,4,3.94998469665736,0,0,1,1,1,1
40,9,4.296439344671015,0,1,0,0,0,1
62,12,4.299303424352556,0,1,0,0,1,1
40,9,4.296439344671015,0,1,0,0,0,1
37,12,4.172574231126241,0,0,0,0,0,1
59,15,4.293683626279562,0,0,0,0,1,1
37,12,4.172574231126241,0,0,0,0,0,1
23,1,3.7622673906514943,0,0,1,1,1,1
23,1,3.7622673906514947,0,0,1,1,1,1
23,1,3.7622673906514943,0,0,1,1,1,1
40,9,4.296439344671016,0,1,0,0,0,1
40,9,4.296439344671016,0,1,0,0,0,1
62,12,4.299303424352555,0,1,0,0,1,1
23,1,3.7622673906514943,0,0,1,1,1,1
45,4,3.9499846966573604,0,0,1,1,1,1
23,1,3.7622673906514947,0,0,1,1,1,1
34,7,3.9620315910594455,1,0,0,0,0,1
34,7,3.9620315910594455,1,0,0,0,0,1
56,10,4.16604415423198,1,0,0,0,1,1
40,9,4.296439344671016,0,1,0,0,0,1
40,9,4.296439344671016,0,1,0,0,0,1
40,9,4.296439344671015,0,1,0,0,0,1
37,12,4.17257423112624,0,0,0,0,0,1
37,12,4.17257423112624,0,0,0,0,0,1
59,15,4.293683626279562,0,0,0,0,1,1
37,12,4.17257423112624,0,0,0,0,0,1
37,12,4.172574231126241,0,0,0,0,0,1
37,12,4.172574231126241,0,0,0,0,0,1
37,12,4.172574231126241,0,0,0,0,0,1
37,12,4.172574231126241,0,0,0,0,0,1
39,14,4.2504143220263435,0,0,0,0,0,1
26,6,3.6094963344256956,0,0,1,0,0,1
26,6,3.609496334425696,0,0,1,0,0,1
48,9,3.923533209849189,0,0,1,0,1,1
37,12,4.172574231126241,0,0,0,0,0,1
61,17,4.361088059499698,0,0,0,0,1,1
59,15,4.293683626279562,0,0,0,0,1,1
40,9,4.296439344671015,0,1,0,0,0,1
40,9,4.296439344671015,0,1,0,0,0,1
40,9,4.296439344671015,0,1,0,0,0,1
37,12,4.17257423112624,0,0,0,0,0,1
37,12,4.17257423112624,0,0,0,0,0,1
37,12,4.172574231126241,0,0,0,0,0,1
34,7,3.962031591059445,1,0,0,0,0,1
34,7,3.9620315910594455,1,0,0,0,0,1
34,7,3.9620315910594455,1,0,0,0,0,1
34,7,3.962031591059445,1,0,0,0,0,1
56,10,4.16604415423198,1,0,0,0,1,1
34,7,3.962031591059445,1,0,0,0,0,1
23,1,3.7622673906514943,0,0,1,1,1,1
23,1,3.7622673906514943,0,0,1,1,1,1
23,1,3.7622673906514947,0,0,1,1,1,1
26,6,3.609496334425696,0,0,1,0,0,1
26,6,3.6094963344256965,0,0,1,0,0,1
26,6,3.6094963344256965,0,0,1,0,0,1
23,1,3.7622673906514943,0,0,1,1,1,1
23,1,3.7622673906514943,0,0,1,1,1,1
23,1,3.7622673906514943,0,0,1,1,1,1
26,6,3.609496334425696,0,0,1,0,0,1
26,6,3.609496334425696,0,0,1,0,0,1
26,6,3.609496334425696,0,0,1,0,0,1
40,9,4.296439344671016,0,1,0,0,0,1
40,9,4.296439344671016,0,1,0,0,0,1
40,9,4.296439344671015,0,1,0,0,0,1
26,6,3.609496334425696,0,0,1,0,0,1
26,6,3.609496334425696,0,0,1,0,0,1
26,6,3.609496334425696,0,0,1,0,0,1
26,6,3.609496334425696,0,0,1,0,0,1
48,9,3.9235332098491886,0,0,1,0,1,1
26,6,3.6094963344256965,0,0,1,0,0,1
37,12,4.172574231126241,0,0,0,0,0,1
37,12,4.17257423112624,0,0,0,0,0,1
37,12,4.17257423112624,0,0,0,0,0,1
40,9,4.296439344671015,0,1,0,0,0,1
40,9,4.296439344671015,0,1,0,0,0,1
62,12,4.299303424352557,0,1,0,0,1,1
26,6,3.609496334425696,0,0,1,0,0,1
26,6,3.6094963344256965,0,0,1,0,0,1
26,6,3.609496334425696,0,0,1,0,0,1
26,6,3.6094963344256956,0,0,1,0,0,1
26,6,3.609496334425696,0,0,1,0,0,1
48,9,3.9235332098491886,0,0,1,0,1,1
23,1,3.7622673906514943,0,0,1,1,1,1
45,4,3.94998469665736,0,0,1,1,1,1
25,3,3.8634651896016465,0,0,1,0,1,1
23,1,3.7622673906514943,0,0,1,1,1,1
45,4,3.9499846966573604,0,0,1,1,1,1
23,1,3.7622673906514947,0,0,1,1,1,1
26,6,3.609496334425696,0,0,1,0,0,1
26,6,3.6094963344256965,0,0,1,0,0,1
26,6,3.609496334425696,0,0,1,0,0,1
37,12,4.17257423112624,0,0,0,0,0,1
37,12,4.17257423112624,0,0,0,0,0,1
37,12,4.172574231126241,0,0,0,0,0,1
26,6,3.609496334425696,0,0,1,0,0,1
26,6,3.609496334425696,0,0,1,0,0,1
26,6,3.609496334425696,0,0,1,0,0,1
26,6,3.609496334425696,0,0,1,0,0,1
26,6,3.609496334425696,0,0,1,0,0,1
48,9,3.9235332098491886,0,0,1,0,1,1
26,6,3.6094963344256965,0,0,1,0,0,1
26,6,3.609496334425696,0,0,1,0,0,1
48,9,3.923533209849189,0,0,1,0,1,1
23,1,3.7622673906514947,0,0,1,1,1,1
23,1,3.7622673906514947,0,0,1,1,1,1
23,1,3.7622673906514947,0,0,1,1,1,1
34,7,3.962031591059445,1,0,0,0,0,1
56,10,4.1660441542319795,1,0,0,0,1,1
34,7,3.962031591059445,1,0,0,0,0,1
34,7,3.9620315910594455,1,0,0,0,0,1
56,10,4.16604415423198,1,0,0,0,1,1
34,7,3.962031591059445,1,0,0,0,0,1
26,6,3.6094963344256965,0,0,1,0,0,1
48,9,3.9235332098491886,0,0,1,0,1,1
26,6,3.609496334425696,0,0,1,0,0,1
40,9,4.296439344671016,0,1,0,0,0,1
40,9,4.296439344671016,0,1,0,0,0,1
40,9,4.296439344671015,0,1,0,0,0,1
23,1,3.7622673906514947,0,0,1,1,1,1
45,4,3.9499846966573604,0,0,1,1,1,1
45,4,3.9499846966573604,0,0,1,1,1,1
26,6,3.609496334425696,0,0,1,0,0,1
48,9,3.923533209849189,0,0,1,0,1,1
26,6,3.609496334425696,0,0,1,0,0,1
37,12,4.17257423112624,0,0,0,0,0,1
37,12,4.17257423112624,0,0,0,0,0,1
37,12,4.17257423112624,0,0,0,0,0,1
37,12,4.17257423112624,0,0,0,0,0,1
37,12,4.172574231126241,0,0,0,0,0,1
59,15,4.293683626279562,0,0,0,0,1,1
40,9,4.296439344671014,0,1,0,0,0,1
62,12,4.299303424352555,0,1,0,0,1,1
62,12,4.299303424352556,0,1,0,0,1,1
40,9,4.296439344671016,0,1,0,0,0,1
40,9,4.296439344671015,0,1,0,0,0,1
40,9,4.296439344671016,0,1,0,0,0,1
37,12,4.17257423112624,0,0,0,0,0,1
61,17,4.3610880594997,0,0,0,0,1,1
37,12,4.17257423112624,0,0,0,0,0,1
40,9,4.296439344671016,0,1,0,0,0,1
40,9,4.296439344671015,0,1,0,0,0,1
62,12,4.299303424352557,0,1,0,0,1,1
26,6,3.6094963344256956,0,0,1,0,0,1
48,9,3.9235332098491886,0,0,1,0,1,1
26,6,3.609496334425696,0,0,1,0,0,1
40,9,4.296439344671015,0,1,0,0,0,1
40,9,4.296439344671015,0,1,0,0,0,1
40,9,4.296439344671015,0,1,0,0,0,1
40,9,4.296439344671015,0,1,0,0,0,1
40,9,4.296439344671015,0,1,0,0,0,1
40,9,4.296439344671015,0,1,0,0,0,1
40,9,4.296439344671016,0,1,0,0,0,1
40,9,4.296439344671015,0,1,0,0,0,1
62,12,4.299303424352555,0,1,0,0,1,1
37,12,4.172574231126241,0,0,0,0,0,1
37,12,4.17257423112624,0,0,0,0,0,1
37,12,4.172574231126241,0,0,0,0,0,1
23,1,3.7622673906514947,0,0,1,1,1,1
25,3,3.863465189601647,0,0,1,0,1,1
23,1,3.7622673906514947,0,0,1,1,1,1
37,12,4.172574231126241,0,0,0,0,0,1
59,15,4.293683626279561,0,0,0,0,1,1
37,12,4.17257423112624,0,0,0,0,0,1
23,1,3.7622673906514947,0,0,1,1,1,1
23,1,3.7622673906514947,0,0,1,1,1,1
23,1,3.7622673906514943,0,0,1,1,1,1
40,9,4.296439344671015,0,1,0,0,0,1
40,9,4.296439344671015,0,1,0,0,0,1
62,12,4.299303424352556,0,1,0,0,1,1
23,1,3.7622673906514947,0,0,1,1,1,1
23,1,3.7622673906514943,0,0,1,1,1,1
23,1,3.7622673906514943,0,0,1,1,1,1
23,1,3.7622673906514947,0,0,1,1,1,1
23,1,3.7622673906514947,0,0,1,1,1,1
23,1,3.7622673906514947,0,0,1,1,1,1
23,1,3.7622673906514947,0,0,1,1,1,1
23,1,3.7622673906514947,0,0,1,1,1,1
23,1,3.7622673906514943,0,0,1,1,1,1
34,7,3.9620315910594455,1,0,0,0,0,1
34,7,3.962031591059445,1,0,0,0,0,1
56,10,4.1660441542319795,1,0,0,0,1,1
26,6,3.609496334425696,0,0,1,0,0,1
48,9,3.9235332098491886,0,0,1,0,1,1
26,6,3.609496334425696,0,0,1,0,0,1
26,6,3.609496334425696,0,0,1,0,0,1
26,6,3.6094963344256965,0,0,1,0,0,1
26,6,3.609496334425696,0,0,1,0,0,1
34,7,3.9620315910594455,1,0,0,0,0,1
34,7,3.962031591059445,1,0,0,0,0,1
34,7,3.9620315910594455,1,0,0,0,0,1
26,6,3.609496334425696,0,0,1,0,0,1
26,6,3.609496334425696,0,0,1,0,0,1
26,6,3.6094963344256956,0,0,1,0,0,1
34,7,3.9620315910594455,1,0,0,0,0,1
34,7,3.962031591059445,1,0,0,0,0,1
34,7,3.962031591059445,1,0,0,0,0,1
23,1,3.7622673906514947,0,0,1,1,1,1
23,1,3.7622673906514943,0,0,1,1,1,1
23,1,3.7622673906514947,0,0,1,1,1,1
23,1,3.7622673906514947,0,0,1,1,1,1
23,1,3.7622673906514947,0,0,1,1,1,1
23,1,3.7622673906514947,0,0,1,1,1,1
40,9,4.296439344671015,0,1,0,0,0,1
40,9,4.296439344671015,0,1,0,0,0,1
62,12,4.299303424352556,0,1,0,0,1,1
37,12,4.172574231126241,0,0,0,0,0,1
39,14,4.2504143220263435,0,0,0,0,0,1
59,15,4.293683626279563,0,0,0,0,1,1
40,9,4.296439344671015,0,1,0,0,0,1
40,9,4.296439344671015,0,1,0,0,0,1
62,12,4.299303424352556,0,1,0,0,1,1
40,9,4.296439344671015,0,1,0,0,0,1
62,12,4.299303424352556,0,1,0,0,1,1
62,12,4.299303424352556,0,1,0,0,1,1
40,9,4.296439344671015,0,1,0,0,0,1
40,9,4.296439344671014,0,1,0,0,0,1
62,12,4.299303424352556,0,1,0,0,1,1
37,12,4.172574231126241,0,0,0,0,0,1
39,14,4.2504143220263435,0,0,0,0,0,1
37,12,4.172574231126241,0,0,0,0,0,1
34,7,3.962031591059445,1,0,0,0,0,1
34,7,3.962031591059445,1,0,0,0,0,1
34,7,3.9620315910594455,1,0,0,0,0,1
34,7,3.962031591059445,1,0,0,0,0,1
34,7,3.9620315910594455,1,0,0,0,0,1
34,7,3.962031591059445,1,0,0,0,0,1
26,6,3.609496334425696,0,0,1,0,0,1
48,9,3.923533209849189,0,0,1,0,1,1
26,6,3.609496334425696,0,0,1,0,0,1
40,9,4.296439344671015,0,1,0,0,0,1
40,9,4.296439344671015,0,1,0,0,0,1
40,9,4.296439344671015,0,1,0,0,0,1
26,6,3.609496334425696,0,0,1,0,0,1
48,9,3.923533209849189,0,0,1,0,1,1
48,9,3.923533209849189,0,0,1,0,1,1
23,1,3.7622673906514947,0,0,1,1,1,1
47,6,4.035778681778613,0,0,1,0,1,1
25,3,3.8634651896016465,0,0,1,0,1,1
23,1,3.7622673906514943,0,0,1,1,1,1
47,6,4.035778681778613,0,0,1,0,1,1
23,1,3.7622673906514947,0,0,1,1,1,1
37,12,4.17257423112624,0,0,0,0,0,1
37,12,4.17257423112624,0,0,0,0,0,1
59,15,4.293683626279561,0,0,0,0,1,1
34,7,3.9620315910594455,1,0,0,0,0,1
34,7,3.962031591059445,1,0,0,0,0,1
34,7,3.962031591059445,1,0,0,0,0,1
40,9,4.296439344671016,0,1,0,0,0,1
62,12,4.299303424352557,0,1,0,0,1,1
62,12,4.299303424352556,0,1,0,0,1,1
34,7,3.962031591059445,1,0,0,0,0,1
34,7,3.9620315910594455,1,0,0,0,0,1
34,7,3.962031591059445,1,0,0,0,0,1
37,12,4.172574231126241,0,0,0,0,0,1
37,12,4.17257423112624,0,0,0,0,0,1
39,14,4.2504143220263435,0,0,0,0,0,1
26,6,3.609496334425696,0,0,1,0,0,1
26,6,3.609496334425696,0,0,1,0,0,1
26,6,3.609496334425696,0,0,1,0,0,1
26,6,3.6094963344256956,0,0,1,0,0,1
26,6,3.609496334425696,0,0,1,0,0,1
26,6,3.609496334425696,0,0,1,0,0,1
34,7,3.962031591059445,1,0,0,0,0,1
56,10,4.16604415423198,1,0,0,0,1,1
34,7,3.962031591059445,1,0,0,0,0,1
23,1,3.7622673906514947,0,0,1,1,1,1
23,1,3.7622673906514943,0,0,1,1,1,1
25,3,3.8634651896016465,0,0,1,0,1,1
23,1,3.7622673906514947,0,0,1,1,1,1
23,1,3.7622673906514943,0,0,1,1,1,1
45,4,3.94998469665736,0,0,1,1,1,1
23,1,3.7622673906514943,0,0,1,1,1,1
23,1,3.7622673906514943,0,0,1,1,1,1
23,1,3.762267390651495,0,0,1,1,1,1
40,9,4.296439344671015,0,1,0,0,0,1
62,12,4.299303424352557,0,1,0,0,1,1
40,9,4.296439344671015,0,1,0,0,0,1
34,7,3.962031591059445,1,0,0,0,0,1
34,7,3.962031591059445,1,0,0,0,0,1
56,10,4.1660441542319795,1,0,0,0,1,1
34,7,3.962031591059445,1,0,0,0,0,1
56,10,4.16604415423198,1,0,0,0,1,1
34,7,3.962031591059445,1,0,0,0,0,1
37,12,4.17257423112624,0,0,0,0,0,1
39,14,4.2504143220263435,0,0,0,0,0,1
37,12,4.172574231126241,0,0,0,0,0,1
37,12,4.172574231126241,0,0,0,0,0,1
39,14,4.2504143220263435,0,0,0,0,0,1
59,15,4.293683626279562,0,0,0,0,1,1
34,7,3.9620315910594455,1,0,0,0,0,1
34,7,3.9620315910594455,1,0,0,0,0,1
56,10,4.166044154231981,1,0,0,0,1,1
